{
    "rmse": 0.7827578040920236,
    "mae": 0.6395249780368732,
    "r2": 0.05088323342390033
}